"","HABQI","PREDOCC"
"1",0,0.00177255643190228
"2",1,0.00272230019606008
"3",2,0.00417879070392518
"4",3,0.0064095273959652
"5",4,0.0098193416301812
"6",5,0.0150157339913883
"7",6,0.0228984618865334
"8",7,0.0347732517272695
"9",8,0.052475403877887
"10",9,0.0784567579154509
"11",10,0.11573068777252
"12",11,0.167494462379196
"13",12,0.236225932637547
"14",13,0.32224426978577
"15",14,0.422267774689936
"16",15,0.529100927847896
"17",16,0.633332859669212
"18",17,0.726422710798735
